{
    "description": "Библиотека идеальных промптов для строительных работ",
    "sections": {
        "ВЗиС": {
            "full_name": "Временные здания и сооружения",
            "keywords": [
                "взис",
                "временные здания",
                "временные сооружения",
                "стройплощадка",
                "бытовки",
                "ограждение",
                "кпп",
                "временные сети",
                "временные дороги"
            ],
            "prompts": {
                "documentation": {
                    "name": "Наличие документации",
                    "keywords": [
                        "документация",
                        "наличие",
                        "отсутствует",
                        "документы"
                    ],
                    "template": "Роль/контекст: инженер ПТО + сметчик + тендерный отдел генподрядчика (Москва). Используя только загруженные источники, определи отсутствующую документацию по ВЗиС (временные здания и сооружения) — то есть документы/разделы/приложения, необходимые для организации и функционирования стройплощадки. Чеклист использовать как перечень тем, но не анализировать его как источник. Что учитывать при поиске ВЗиС: ПОС, АР, КР, ТЗ, ВОР, ПД, РД, вендор-листы и любые другие документы, где встречаются ВЗиС/стройплощадка/временные сети/временные дороги/ограждение/бытовки и т.п. Вывод: таблица: Наименование документа/раздела | Наличие (есть/нет) | Комментарий (что именно отсутствует/почему важно для тендера) | Источник (документ + раздел/лист/страница)"
                },
                "priority": {
                    "name": "Приоритетная документация",
                    "keywords": [
                        "приоритет",
                        "приоритетная",
                        "важная",
                        "первоочередная"
                    ],
                    "template": "Используя только загруженные источники (чек-лист не использовать как источник), определи приоритетные документы для подготовки тендерного предложения по ВЗиС (временные здания и сооружения). Для каждого документа укажи: Обоснование приоритета (влияние на состав ВЗиС, объёмы, организацию стройплощадки, стоимость и риски); Источник (документ + раздел/лист/страница или фрагмент). Формат ответа: Документ | Почему приоритетен | На что влияет | Источник"
                },
                "rfi": {
                    "name": "Вопросы заказчику",
                    "keywords": [
                        "rfi",
                        "вопросы",
                        "заказчик",
                        "несоответствия",
                        "противоречия"
                    ],
                    "template": "Используя только загруженные источники, сравни между собой документы по ВЗиС (временные здания и сооружения / организация стройплощадки): ПД, ТЗ, ВОР, ПОС, вендор-листы. Выяви несоответствия по темам ВЗиС: состав и объёмы временных сооружений, ограждение/КПП, временные дороги/площадки, временные сети (электро-, водо-, канализация, связь), освещение, бытовой городок, охрана/пожарка, логистика/размещение, этапность и сроки, требования к материалам/исполнению. Сформируй вопросы Заказчику, отсортировав по приоритету: Критично / Важно / Уточнение. Для каждого вопроса укажи в чём расхождение и источник(и) (документ + раздел/лист/страница или цитируемый фрагмент). Формат: Приоритет | Вопрос | В чём расхождение | Источник(и)"
                },
                "vor_correction": {
                    "name": "Коррекция ВОР",
                    "keywords": [
                        "вор",
                        "коррекция",
                        "корректировка",
                        "исправление",
                        "ведомость"
                    ],
                    "template": "Используя только загруженные источники, сравни ВОР по ВЗиС с приоритетной документацией (ПД, ПОС, ТЗ, РД, вендор-листы — при наличии). Создай таблицу, где: все позиции ВОР сохранены без изменений; добавлена колонка «Корректное решение / материал по приоритетному документу»; при наличии расхождений указано корректное решение для ВЗиС; для каждой позиции приведён источник: документ + раздел/лист/пункт (или страница/фрагмент). Формат таблицы: [все исходные колонки ВОР] | Корректное решение / материал | Источник"
                },
                "extra_works": {
                    "name": "Дополнительные работы",
                    "keywords": [
                        "дополнительные",
                        "дополнительно",
                        "отсутствует в вор",
                        "не учтено"
                    ],
                    "template": "Используя только загруженные источники, выяви дополнительные работы и материалы по ВЗиС, которые отсутствуют в ВОР, но требуются по ПД и обязательным требованиям СП/СНиП (организация и функционирование стройплощадки). Вывод: таблица: Доп.работа / материал | Основание (ПД/норма) | Почему требуется | Источник (документ + раздел/лист/пункт или страница/фрагмент)"
                },
                "checklist": {
                    "name": "Чеклисты",
                    "keywords": [
                        "чеклист",
                        "чек-лист",
                        "проверка",
                        "контроль"
                    ],
                    "template": "Используя только загруженные источники, заполни чек-лист по ВЗиС (временные здания и сооружения). Требования: Не удаляй и не изменяй пункты чек-листа. Для каждого пункта укажи: Наличие (да / нет); Необходимость включения генподрядчиком (да / нет / условно); Источник (документ + раздел/лист/страница или фрагмент). Формат: таблица по структуре чек-листа. Язык: русский."
                },
                "risks": {
                    "name": "Риски",
                    "keywords": [
                        "риски",
                        "риск",
                        "опасность",
                        "проблемы",
                        "сложности"
                    ],
                    "template": "Используя только загруженные источники, определи технические и коммерческие риски, а также критические и сложные решения по ВЗиС (временные здания и сооружения / организация стройплощадки). Для каждого риска/решения укажи: тип (технический / коммерческий); в чём суть риска или сложности; рекомендации генподрядчику и возможные альтернативные решения; источник (документ + раздел/лист/пункт или страница/фрагмент). Формат ответа: Тип | Риск / сложное решение | В чём проблема | Рекомендации и альтернативы | Источник"
                },
                "materials": {
                    "name": "Определение состава материалов",
                    "keywords": [
                        "материалы",
                        "состав",
                        "перечень материалов",
                        "спецификация"
                    ],
                    "template": "Роль/контекст: инженер ПТО генподрядчика (тендерный отдел, Москва). Используя только загруженные источники, составь перечень материалов, которые подрядчик обязан учитывать по ВЗиС (временные здания и сооружения / организация и функционирование стройплощадки). Учитывай ПД, РД, ТЗ, ВОР, ПОС, вендор-листы и упоминания требований СП/СНиП/ГОСТ РФ, если они приведены в источниках. Требования к результату: Включай материалы, отсутствующие в ВОР, но требуемые документацией/нормативными ссылками из источников. Если есть противоречия между документами — отрази их в «Примечание». Для каждого материала обязательно укажи источник (документ + раздел/лист/страница или фрагмент). Формат таблицы: Вид работ | Материал | Основные характеристики | Назначение | Документ-основание | Примечание | Источник"
                },
                "no_vor": {
                    "name": "Отсутствие ВОР",
                    "keywords": [
                        "нет вор",
                        "без вор",
                        "отсутствует вор"
                    ],
                    "template": "Ты— инженер ПТО генподрядчика (тендерный отдел, Москва). Проанализируй всю загруженную документацию и определи перечень материалов и работ, которые подрядчик обязан учитывать по ВЗиС. Учитывай всю загруженную документацию а также требования СП, СНиП и ГОСТ РФ. Выведи таблицу: Вид работ / ед. изм / Количество (если есть) / Документ-основание / Примечание. Включай материалы и работы, но требуемые по документации или нормативам. Для каждого материала обязательно указывай источник. Проверь все перед отправкой"
                },
                "version_compare": {
                    "name": "Сравнение версий",
                    "keywords": [
                        "сравнение",
                        "версия",
                        "изменения",
                        "новая версия",
                        "отличия"
                    ],
                    "template": "Ты — инженер ПТО генподрядчика (тендерный отдел, Москва). Проанализируй всю загруженную документацию и проведи анализ. У тебя новый этап тендера. Возможны случаи 1. Загрузили новую документацию и нужно дать подробную информацию по ВЗиС 2. Возможно загрузили новую версию на основе старой документации (в таком случае они будут похожи и тебе нужно будет детально сравнить две похожие документации и дать таблицу сравнения и список изменений) по этому ВЗиС. Также возможны комбинации этих случаев. Учитывай всю загруженную документацию а также требования СП, СНиП и ГОСТ РФ. Проверь все перед отправкой"
                }
            }
        },
        "Водопонижение": {
            "full_name": "Водопонижение",
            "keywords": [
                "водопонижение",
                "водоотлив",
                "грунтовые воды",
                "дренаж",
                "откачка воды",
                "понижение уровня"
            ],
            "prompts": {
                "documentation": {
                    "name": "Наличие документации",
                    "keywords": [
                        "документация",
                        "наличие",
                        "отсутствует",
                        "документы"
                    ],
                    "template": "Роль/контекст: инженер ПТО + сметчик + тендерный отдел генподрядчика (Москва). Используя только загруженные источники, определи отсутствующую документацию по водопонижению (ВП)— то есть документы/разделы/приложения, необходимые для организации и функционирования стройплощадки. Чеклист использовать как перечень тем, но не анализировать его как источник. Что учитывать при поиске ВЗиС: ПОС, АР, КР, ТЗ, ВОР, ПД, РД, ВП вендор-листы и любые другие документы, где встречается водопонижение/открытый водоотлив. Вывод: таблица: Наименование документа/раздела | Наличие (есть/нет) | Комментарий (что именно отсутствует/почему важно для тендера) | Источник (документ + раздел/лист/страница) Результат: Таблица с перечнем необходимой документации. Отметка «есть / отсутствует» по каждому типу документа и корпусу. Вывод только на основе загруженных файлов, без внешних предположений. Перед выводом результата проверь полноту и логичность таблицы"
                }
            }
        }
    }
}